Panel_Size_m2,Grid_Dependency_Ratio
10,0.9784813093777149
20,0.9784813093777149
30,0.9784813093777149
40,0.9784813093777149
50,0.9784813093777149
60,0.9784813093777149
70,0.9784813093777149
80,0.9784813093777149
90,0.9784813093777149
100,0.9784813093777149
