Metric,Value
PV Investment Cost,200729.5487789146
Battery Investment Cost,929908.5000000029
Total Investment Cost,1130638.0487789176
Annual Savings,1813.075
Feed-In Earnings,4932.995500000001
Payback Period (Years),167.59950089150678
ROI (%),0.596660488056785
